<?xml version="1.0" encoding="UTF-8"?>
<metadata xml:lang="en"><Esri><CreaDate>20220203</CreaDate><CreaTime>19290200</CreaTime><ArcGISFormat>1.0</ArcGISFormat><SyncOnce>TRUE</SyncOnce><DataProperties><lineage><Process ToolSource="c:\arcgis\server\framework\runtime\arcgis\Resources\ArcToolbox\toolboxes\Data Management Tools.tbx\CopyFeatures" Date="20220203" Time="192902">CopyFeatures layer0 c:\arcgisserver\server-dirs\arcgisjobs\tasks_gpserver\jbc8a2eef5ad44d7dbaec842a39f811ec\scratch\output\roads_CHN.shp # # # #</Process></lineage></DataProperties></Esri></metadata>
