<?xml version="1.0" encoding="UTF-8"?>
<metadata xml:lang="en"><Esri><CreaDate>20220202</CreaDate><CreaTime>01522100</CreaTime><ArcGISFormat>1.0</ArcGISFormat><SyncOnce>TRUE</SyncOnce><DataProperties><lineage><Process ToolSource="c:\arcgis\server\framework\runtime\arcgis\Resources\ArcToolbox\toolboxes\Data Management Tools.tbx\CopyFeatures" Date="20220202" Time="015221">CopyFeatures layer0 c:\arcgisserver\server-dirs\arcgisjobs\tasks_gpserver\jfb8eb980b9a34decbd27ed98b82d1254\scratch\output\gadm36_CHN_3.shp # # # #</Process></lineage></DataProperties></Esri></metadata>
