<?xml version="1.0" encoding="UTF-8"?>
<metadata xml:lang="en"><Esri><CreaDate>20220203</CreaDate><CreaTime>17114200</CreaTime><ArcGISFormat>1.0</ArcGISFormat><SyncOnce>TRUE</SyncOnce><DataProperties><lineage><Process ToolSource="c:\arcgis\server\framework\runtime\arcgis\Resources\ArcToolbox\toolboxes\Data Management Tools.tbx\CopyFeatures" Date="20220203" Time="171142">CopyFeatures layer0 c:\arcgisserver\server-dirs\arcgisjobs\tasks_gpserver\j695123c5cb4e453fa5f660786ccc76aa\scratch\output\points_CHN.shp # # # #</Process></lineage></DataProperties></Esri></metadata>
